soilMoisture,temperature,humidity
53.31308340058492,29.315443868829103,69.33370076202863
49.0777771111882,31.773541601175324,66.16730666502816
54.32008254913162,23.503581065452146,60.397734567367564
60.15860914224153,28.40742309172643,55.68493169270382
48.43819699059535,25.373393577195433,64.65714950180265
48.438306497148965,25.78218654058826,62.62454752076307
60.5333494794343,25.51901518940283,65.97093877758498
55.1187896434499,24.84002307580046,64.23659591721874
46.86860584581387,27.121304069862067,67.00051661117996
53.61887549071838,24.922624708972407,56.42998113889101
46.909003988940874,27.676142064449596,68.78701841778096
46.893582543686385,26.874404726377158,61.3179893632983
51.613888351345445,26.402629882833974,73.84199002041052
37.238420768132485,24.731090844896006,55.403117253342586
38.49479805713807,25.558071673579168,71.57887856711221
46.24954217996271,28.88847806456439,61.32006492569586
43.244416427369394,28.252292969060953,55.65504191589163
52.09602970841048,24.55611188800362,56.77248148685767
43.943479416273526,27.248330763573065,57.863283454343886
40.579934312093606,28.878467808429473,62.829186862500784
59.775877288706766,22.826486797196573,63.487312705196786
48.49407207575481,28.358400480949836,56.17342097372968
50.450413125268454,25.343440602635383,59.83755486961925
40.496929597956246,28.426496671482898,74.28894329194114
46.36896722741703,25.091852108643707,71.52271294457174
50.739853673364806,22.4877947483387,62.9102788767258
42.32287283859324,22.931143905292092,60.2534831993819
52.50590578236563,27.120212366653455,60.800608949210805
45.993739938241575,27.649306254303706,64.09216487811187
48.054402688878845,24.73920843723898,53.17797359012663
45.98661689642992,28.596481146943436,58.28329849538629
62.354695490674615,22.8461998443276,48.87054422723648
49.90997351099798,26.834800503381707,62.662818227777215
42.945068103864145,23.972459500593857,64.31679691781729
55.48637456372827,25.3704097304946,56.77714629646317
41.85697285469328,27.118496678291034,70.49849171114452
51.39312017868172,24.84896658679012,51.82414302777438
36.9290002737219,26.038611139425438,50.2326195490005
41.140999053847466,29.5157320230361,61.49709362979501
51.31306444324706,25.557770326192127,66.98414567842308
54.92557208856939,29.089230280162855,71.23179770202398
51.1430264355371,24.175732863355954,56.93924196666417
49.22862595647044,28.324510444788206,67.19480115898673
47.99163835041944,30.603921551644753,59.74314850843028
40.13825832424926,20.820888749681778,58.84857590939473
45.198639130007294,25.007761861323807,65.8940117830361
46.92753939769822,28.44268031795135,64.35099359901751
57.051005248880166,26.492386534892518,49.485464312915056
52.29193399142164,27.92786468342827,69.84852413267173
38.24052216373057,25.49003703321045,69.2052093321635
52.16164007586328,27.21647446868225,55.82749678093144
47.43150118962317,26.610806911519802,62.640009568027516
45.484930257959256,29.919455154149517,63.29518134250587
54.079880846568585,27.636052108253033,61.73869401804546
56.87676681504799,27.844006655188004,56.329464623851045
56.211638394505044,25.97030758469383,55.5202721358532
44.402419120105,25.780984439818766,59.82955434648706
47.9375534530724,25.91860453045095,67.82210255845996
52.20952708746177,27.986130355945743,63.625813031144865
56.50688599790614,25.947538797949342,57.52800240498567
46.80390783357191,27.724437142241033,65.14723040002445
48.76165462565234,32.188501996613596,41.000220720397394
42.62074572337979,29.17781175857923,67.66226722148193
42.021301817381925,26.184941169580398,48.396109095550074
55.4195472353693,30.00303480540986,57.58251892084111
59.04612099056739,25.97981156744612,52.53180180284362
49.519692489059175,21.904688662055364,51.36447455694156
56.6935644289398,24.47978422270649,67.74271467181472
52.41211228706772,22.323020197435362,56.880432987249684
45.69705123678382,26.12121628989673,62.31118089114388
52.41050868874112,27.04604594797388,59.68703973887584
60.258703898328015,31.191093280688207,63.18186231757822
49.761040319136626,27.817318434410407,60.512402013371904
60.436173184279426,26.45224867797784,51.44244186466224
32.5263001557214,29.073513952958724,66.64509968571242
55.48208970418274,21.472161727480287,56.706643590314044
50.5806039451486,27.589036395271414,49.61759873593946
48.00562097239266,28.927162984717416,57.144471876357365
50.6120443794918,23.303534385550396,70.01006780353086
36.74291533961205,29.85938510801732,65.670979019897
48.534788508123796,27.846241018736034,57.67449026349958
52.38194085198335,25.961780215247998,57.670451112196076
59.85755327842591,28.581954665265712,57.85469420838006
46.54313764411477,32.67673214451099,73.85190905035081
44.60734766870244,27.454665637646237,62.54750946638446
46.653280519291144,27.62055146575084,62.868377786764434
56.105732125072834,25.85159775114939,66.87199063839239
52.1927699014301,24.87538907633802,61.59272369070685
46.466499440873854,29.075839541360615,58.27218888737591
53.42349377886609,24.859790435227833,58.6903465066032
50.64750725415143,27.17891559304848,59.52241959970819
56.46086208685437,25.805856383087207,59.751727682479356
45.31730586383806,28.19744956436598,64.85328905605866
47.81449348219289,27.834155263217372,60.34647905833469
47.384638618608506,29.59384986064475,64.88670931502791
40.23835529595877,25.724959002863134,59.461620410675756
51.975122248020725,26.32531266176657,60.524496719408326
51.74123866543986,24.553090710544232,46.67200143417084
50.03410675580521,25.889266849809722,66.11190559026555
48.43530382038777,27.94325123261213,62.31107813423961
40.55947715052373,28.89247154161338,66.65672743276389
47.194295697155056,24.694586689555937,40.681976627448094
47.714094174766444,29.17401480026415,73.92945928088746
44.648810614291804,30.389094647012378,59.06893718020499
48.92422430318772,28.033587258059253,67.39157938763924
52.69501921495297,31.691989531395166,53.06382746607271
62.58085996107424,25.06552700224107,64.08720194676734
51.16443401158837,23.888363241721457,52.97371819363171
51.717861106120836,22.553199377739304,55.83946103215898
49.50344574183966,30.740110778722958,72.76658913029146
37.20179599395539,28.635914140885145,58.72814838690848
49.823152450753724,26.86103832272386,61.45027726410875
50.40173550030665,27.69992156579955,65.803351763694
66.42982489027686,24.18627738175406,63.30619819277727
48.716952364909915,33.11437994904207,61.00329409730765
52.01132077336519,27.32305295493807,62.434289886449726
49.768472496066025,27.273486986512232,76.03078195353929
42.20491748907772,28.81441655974673,59.615682623785986
57.62262817281518,28.202523079341784,61.34133064158883
55.015393328020785,27.559710060697828,67.00786482137077
55.276183086777124,25.02381386138672,67.37385797282975
43.93438567651909,28.17867089283999,67.91749213808774
59.35663805394378,31.705061241187586,64.26033058093466
40.649653411175485,30.363550115387444,52.37615723208768
53.9143368156478,30.982966566598492,70.8949883204483
64.61033902415255,25.721960808922038,52.353876228565355
43.39312271137831,24.52598794935355,62.01857855314435
46.222794143549514,26.68553269975088,54.96898008037088
50.664674605134564,27.139312280721736,59.57219722822474
46.64181738704495,29.73547879617737,62.19284527672421
39.65707491478889,22.76883842571295,62.14345262705332
50.4573150419562,30.823875798651535,62.81421143074935
42.91443422944688,26.604980253552526,70.76345416462118
53.158861512336664,25.93279732513145,63.025073791098244
43.867440357660534,24.46973906184958,58.371475242611375
60.33806248146699,22.862858320335576,66.43046141248334
44.7757005401173,29.057926459904785,67.93376816112735
47.851849686908146,27.18329491797101,51.81185587303626
55.4261598398557,23.775097750647365,63.984658465898555
41.79013500938552,23.76230306984096,64.67682219121369
51.51715776380954,26.16053825177468,58.015251432588855
58.71864217106379,31.17255381322348,69.1759644447885
39.27808682547661,26.351021621590988,58.99912923449305
51.23150783641047,23.242142617204735,60.83759494465519
51.73341823763698,26.38564233978514,58.84561093202659
55.21475855475466,26.318191075630825,60.10391224736839
41.749538758443194,20.257783392646072,52.687845170409005
41.19255439072788,26.86426283370547,50.39486061309606
53.48135024266471,26.422663674478304,70.63534877171057
51.98088777046535,28.740515912033544,54.35076780671675
51.670787311807,31.622390237363362,53.387413029126435
52.310809557344825,29.816412573869393,45.63688794226322
45.46423510707147,26.327778273612925,55.73812514291102
51.54913216006389,24.233685228145823,51.17499107797199
51.954793396902204,33.43339950812465,70.95224111810958
45.23527604176412,27.14804608503622,66.73547998591538
62.44471598933553,27.034823229782365,55.41003719766458
53.16046558248162,26.93968728222499,75.02374682164654
42.05400567365833,27.49521190191964,66.54837579823393
54.379212569587644,26.639098970190144,57.83337467199749
43.49887325958377,25.56584498279941,43.32896388179327
55.249854306962156,25.63285264689902,75.28058695918025
57.727832511979386,26.918116824460004,50.73155164668681
44.526048936594094,25.641438072165588,49.025190357797534
56.425718782059626,25.21788554330709,66.8205447815043
52.75324878266645,27.26607556922974,76.27314855028295
55.48314126716325,26.36255695644786,69.23309969946516
62.65160919430183,30.759982471456723,63.76127383074924
48.36326126626086,20.37257547901747,63.96701145890746
44.97257978373555,29.728767129806155,65.69228177706465
44.06693875439776,30.115212981244074,65.06205369387773
44.558545399280526,21.816524418979625,61.875546797875735
49.48573159820793,26.14328101479913,60.69502136335901
52.275483672027015,26.071397835010522,59.582503836910185
51.845527631531226,23.481220763205446,54.97105619225927
55.51731227107028,25.055458281022812,58.12789723729862
50.08672261882564,24.22356038633543,48.70797804931678
59.6950722946393,31.380676108559058,59.34407468927902
48.23473892230283,29.339195982868652,53.406097315303384
68.14352834115276,30.178887737485397,52.63905925417081
54.17320120959259,28.80418016010809,61.1998939881937
44.282759098703394,24.177370571956928,69.28465524991847
42.85714703793238,25.688699334300566,66.12517176203542
53.218091009672044,28.223436403069794,49.52476097383341
48.50950322187657,23.944680477770135,53.39918032907585
54.762383295594255,28.78249607543097,66.2749438238814
53.15649495590554,26.399186504604664,53.446809085099474
49.51423115257866,26.062947981126005,58.50169688951985
44.35188590048374,28.777399920508728,63.66884750049376
39.89596901134529,28.1106582787151,53.541142486059556
47.021745269712966,26.0975845854523,60.70285462599355
55.71217995813756,29.89832450841062,51.102049948895576
51.42800527334846,24.297341681000255,55.9888778148454
41.69092234599104,28.53983901736066,62.13294550073072
51.15511677542738,28.48275314492096,49.37473179734377
52.57006692279134,26.226133901715023,62.93796650219586
44.104670900538444,27.815332555605295,59.86901588115904
51.02534645665667,23.87221605903674,63.685107995962376
50.388252152034816,29.31006754801725,61.49350727421129
42.376388113469744,26.537744658892528,69.09881666792555
52.38644169352305,25.6931924487024,60.83524743266154
53.74043279087612,29.622523064592222,57.13586504069456
57.2239517919791,25.2391407736431,60.815724345225334
57.0288596870728,23.478846759091102,63.623797853672706
40.8109453157262,23.10842706619024,60.32589666907245
43.74470698376613,28.5150248783641,60.2707465803299
53.435285232281764,23.798926618759292,55.31771544232894
53.42695229258443,31.38698545496091,55.578450879935176
53.43536806766134,21.795176480290696,50.644622837096044
75.69771904266699,31.241140920725094,71.66967687705689
53.80783970632342,27.527543668006548,51.703432219940126
57.57422282000459,26.75821722032402,55.378322330701295
56.36319176249966,25.637702282977624,55.208223538653456
54.34477964620967,27.997840285880176,65.96914559421943
47.897154138248894,26.905913243937878,58.03268564579218
55.06232470069009,29.758254705041303,68.3224396247338
44.84525581903439,27.2855691216551,55.507817536293395
48.42041989304414,27.375754403654692,61.860891062032756
46.76262513597988,26.09096946946536,54.42823515475742
50.54610050970677,26.85763594069733,74.3081446822485
65.4387726397123,27.76950442223015,52.07871854507315
37.54534116541304,22.724579018358437,62.066504137214274
54.57735546979801,23.629536444735717,64.2272917958171
39.24318513916502,28.858160235056786,62.760039980001494
46.85221445518448,27.427163595319854,58.76413131528569
57.26330048177233,26.5400416591183,59.134095932778045
50.42874772736673,27.04608483266348,60.29222251810066
42.81144233121153,27.868954263404177,59.019496649137984
45.22892425923601,25.650600799226595,66.42907370902205
54.53291698539429,25.054238186494217,74.74418842061431
45.1284545664467,27.489613137744204,56.28152979399775
51.44377879251177,24.55406805596242,50.86341412620755
50.30396417215844,28.02063188928618,59.41115873749713
45.6538256814692,22.7435409894054,77.2066612821543
64.30010707579993,29.57288909331411,54.6394906316419
54.22823987886113,28.181493706032608,70.93290909231193
36.492298946993756,27.64007433578469,71.19026442988987
51.24365027951208,29.456727459863785,56.30756642780768
45.58588427999485,31.16368611115644,63.795117138165786
55.68573034309081,29.535925162545325,70.86140547626735
44.713886674653885,22.397814421670887,57.47121796761346
49.234707935415784,23.801057583160745,58.64211899811725
53.36826515079965,25.437953555760803,56.12018830396255
55.77458714511471,27.065227625527083,53.231572606278576
41.99402296493797,28.294147551172806,55.66931877440973
47.76887675694088,25.185640467116336,51.83631842069575
46.83211477455642,27.466916911192694,60.227336733289036
45.64229401873334,25.111542669116695,54.86427854883886
61.77557978267492,25.47120549252013,61.55935203164429
52.701228012109574,23.483347257879444,49.62217603982181
41.58990402458525,24.69191688472274,62.20697114887043
56.12213918685536,23.620788485959167,65.55963817393153
64.15478183407427,24.56031686755667,46.701783264048395
56.88654328787615,29.6341044915196,62.49495732088331
39.86580232708673,24.62650277792014,68.18855217979686
46.7701587339821,33.580955162093474,51.93169440532966
58.450297365074775,28.233294752202223,71.15605782020748
45.27984466432273,27.462090309237183,62.79485679247152
52.960275585735346,24.854105549546965,55.29757092209141
55.16680913637368,28.750774698522477,59.6280202520231
43.817373754574184,25.560905434405566,63.72404050651989
49.602965875067795,27.305024536613402,60.50695596072079
28.380746841739285,33.400211345671984,63.593502469617285
43.16733443230029,26.759850250688377,53.859107134160624
48.31537043020762,29.87318331571419,61.12963669632064
41.67728617629445,25.24205893718528,50.57052430564379
60.888183397224005,26.912528773757597,59.25812217080417
40.460957009002584,31.427001589088775,53.97093603142985
47.06490327373112,25.43258235553058,55.09401528292626
50.87203965049823,31.531121394992322,68.24474147865362
59.61329283807099,28.769379838638688,67.27903850436377
40.42279945163314,25.59383306026433,64.06295126645087
57.75830222687358,28.5810193476388,52.7142738596339
50.068254517000646,29.431386124066826,57.88955564053567
43.45333729751017,28.55452490554299,68.09136165886116
53.082230173336015,23.07443820027386,60.94525181397817
51.327728169475044,25.182157060437827,75.4699280316779
45.99655342935084,26.381203411121238,62.62342998876046
50.46557990688343,26.813916427249886,61.28096760698851
47.42995830893206,28.551680243876696,57.938193183769314
50.75716069282583,27.444252502333136,60.89071783489782
54.41641159905538,23.661639103224747,58.98302619134177
60.578732163689494,27.950494627514907,64.7230848735129
41.74377062282492,28.52646436320956,66.38120445301988
64.2273326089573,28.3994761198276,54.757450298411975
36.97957437718491,29.701951813886556,51.12067619976962
48.98759341611266,29.08480538637226,47.75251016140101
53.92407576725213,28.147950198071094,63.38830215050667
51.87421575779267,26.824585721353383,52.64054473682026
45.84659420279664,22.84759766621002,45.64021974500694
48.611824590116974,28.074045547831464,62.59181929222153
46.71168376582558,27.51921921790778,76.6283067812767
46.068937071182106,27.678947092988434,59.95950702002891
55.66684598713023,23.808128560449227,65.59273346559245
52.38129329138687,24.297358648979344,60.545801821512256
45.37829299961144,29.63288213333226,59.34040601321508
56.000331169139784,26.901112115358362,66.13024014152842
52.049687804246986,28.70375174343156,58.063868790261694
55.42179033265586,27.070795940326153,61.78350673485959
54.19962437563049,27.074390348739364,62.14572436732741
44.47060327714978,29.345709514939994,55.54383667420086
46.26359246188621,25.709888179456566,66.6169224714086
54.98444834617216,27.24030194235246,58.833018422841626
54.07116967044121,25.844311778237394,54.95917978618272
49.860586368259135,25.913759431419212,63.57852065661459
50.782573646669576,26.227069691328403,54.00721856145378
58.52202485490879,27.555334429084283,60.187968319652086
46.05421883646501,25.803128445841306,59.93917629238316
53.649139532404156,30.139390313933802,67.24292342409663
48.65137500826593,24.76348174445124,63.16623721330929
48.54806637447444,26.532820889596604,59.83307018516989
57.32884160275456,25.900672354314562,65.45450121566591
55.50552704775016,30.61744471088433,69.27268435194549
55.42610927212426,27.491386941278936,63.720594743366924
58.707543643719376,29.579611348671587,60.06905197435535
50.140095623690506,23.28609906740757,51.250052330224435
54.54862631853741,27.667625664673146,52.89569186728727
47.93052073352165,29.22407698905859,57.96415122195437
52.16218957109791,27.20570997318856,55.93455361159758
49.131945827367545,29.66370093766338,58.75290140908707
50.64696308650143,25.70677887474907,60.37785499906371
53.96969735966422,30.52336860046395,63.533050671559394
44.54246804283274,32.747245309048125,59.52977315034586
63.95622312882202,26.092903598900854,63.24496596432077
43.28986406539699,25.88624369649807,60.430044346783504
41.90136195270583,30.63346119279425,46.82363800241968
57.724599526245456,30.94893036432678,53.73463292322891
55.28039016873278,25.69284993211683,59.03893600333682
54.16287917973787,25.949532957260356,51.93133606524981
54.191064546792745,26.295538477848734,64.00152462907468
49.91831402511108,23.638873722414306,70.21010805173246
44.0153133421895,24.703370133789505,68.1291415508211
50.50561640315215,24.48964808311983,58.57633605089551
45.48333138421422,25.08050608723968,69.94314333278918
56.5040486218964,26.913287781533047,60.99161193953808
49.01912726538073,27.5855368313413,57.75163657264268
44.49393369739395,30.87625123203519,55.90860423418193
47.856356436174536,24.504114898153023,57.982527191124184
52.75425280001841,29.46080599619146,57.410860620330006
46.23995723279749,26.46502788943623,61.136676203244505
44.515789961571905,26.876340725868918,61.071028453602594
51.62539370065105,28.68704873041651,60.02031695442327
51.63392702929518,24.193194946094252,62.914377592208155
46.618689020274566,27.956024365460127,67.94161065282489
46.85817450152579,27.41613052053264,66.33352608339362
51.54777308217543,28.231128160020372,50.09573055043914
40.34127744221285,27.722921609769546,42.96534603020396
40.61221662490838,33.13825034977724,66.23191380796595
45.20797704424625,25.40565003937171,50.88291908156914
48.57630749808198,25.672507612495455,58.5008147693758
52.07375346253869,25.44214868393809,52.19534611618407
59.84062596705351,25.611307202099365,47.980790481341266
55.72058968675747,25.406532181733706,63.61155639712594
48.93321000514394,29.97254132776888,65.06356491921865
49.873161893289065,30.551260619974638,56.154675627152784
43.313129137865815,25.573134265626308,42.71774791139345
49.87651738293076,24.919111067239427,56.35654953015594
48.074646878402675,28.17853889096601,62.61333271603498
52.15253279745506,25.61944238929757,50.13565983627656
44.482369606506005,28.582329544388777,61.22301066492697
53.46404124998862,27.50730755212825,59.89788330601612
60.22336854972719,23.21063971250692,63.86387430233926
49.27456980979276,30.868763003325153,60.7976010573224
52.67941718639994,31.489694182738805,53.50963016432002
54.60326042471312,25.468028273789034,67.98113191610216
47.323859452521475,26.03074610016004,58.94260774791011
51.49469685367548,27.714663476812262,59.81787872146875
50.08399131321457,27.836141974967564,53.775102712981784
50.651499577320706,28.646360681682076,57.04330738455263
44.84402474168404,32.02551134691588,54.09836589744057
50.16348286230715,26.557631931264876,58.84644978031077
53.32164860260715,25.004256888653867,71.41709556254943
59.67912786399293,23.55170192996368,50.84941937664785
56.39833640998833,25.172674900145203,49.23754547616214
64.36172699160208,26.91718256781551,69.81270608438237
44.88179175553671,31.48639465879447,58.603811073397054
55.818378646926924,25.70597175240957,55.53728483313836
51.22289117827481,27.559469879097247,66.93616426493183
64.60598556456188,26.958942759818118,55.960544349955114
44.60865043668114,29.97098318362021,72.17948478935807
44.39905531265423,33.317331064684055,64.52176556183292
46.00205105488837,25.6728280676992,56.745630907668165
35.83361551885359,25.776401393704443,74.38924578248091
46.493214005389326,29.61040219267268,55.95988146356773
44.93658514743684,28.704728724065777,64.94977613130207
51.00312655579631,31.616768314340085,61.9962815113113
52.27951235843366,28.45982046331491,68.68261440028998
62.51405949756996,26.101769773032352,70.4152796821681
56.339327000700955,28.476637076730775,60.213467674268664
46.15205261673177,29.77175895145727,54.97470280479096
44.00757414210645,29.05120545299341,63.068014193403904
53.28110087394839,28.268185077768244,55.479638483753455
41.194044509172315,29.666686723972884,73.42929294100257
62.21582996824854,29.92323897611418,60.91069065832186
57.86686560521098,30.455397477593817,57.563305252748236
46.87059840046162,28.621774718974105,61.23181764011894
38.57339269096385,26.582204799207865,51.01466764883693
59.030328735683305,27.366784216083307,53.51933436313396
49.23601923216504,30.016272416270894,68.00676076598931
58.25623480086299,24.95766082253191,55.61851515926079
39.36516751584157,27.921683272182253,53.01710374551146
46.002168596898336,26.0166529691816,63.579473859357
50.034975477120284,27.071862057337043,67.90864671160219
50.31336056041083,30.196129656518245,64.795418582136
46.998063305233444,27.47774767004976,66.64363806432479
54.15440904875781,27.11609137039037,54.952176759241695
42.878971736018094,23.600359647550203,50.516522852831905
49.05032883490797,28.865633915068052,70.01389545854309
50.80237186351837,28.61371045285269,57.84772547492295
53.431307023171854,32.40813680826365,58.32694378024483
54.7464712368529,26.230554412617497,68.85905492613321
42.498637247441415,27.54787581915985,63.7100541627024
39.7674584811934,27.623459209276888,63.04077143978432
58.52210440206306,30.943633199408687,74.44056564049023
52.216534459903876,26.76176116903262,55.70773340336444
45.007594801167784,27.69755381442585,66.18869365430186
60.34618367673523,28.51974127429135,60.380277543063556
50.77154981073337,27.466522807890897,61.79151050001792
57.86591221770572,25.88391596362368,70.19488440417159
50.450348271005424,27.485224982245768,63.38726449445179
63.74518865896285,29.68407937464943,63.59043484726105
61.708123419096175,24.433711751472348,67.15362393985637
48.33940912964458,27.33242418536719,57.56576529394896
56.48037824286555,25.249697962652068,54.40247151884883
54.30465758373293,29.987616572312106,53.03112267587971
59.128772488740765,23.192032738040563,46.88440154886207
43.5639605179307,25.60269538182103,73.71490155670195
54.57596323818959,27.9430296876613,52.641600200636375
57.05969132728675,30.913810073085852,58.5242383306829
38.269207625557826,26.83562434731753,58.1536552897409
42.10766572051928,25.612001183267004,62.0504026743867
36.39832137434013,31.702892673601475,65.44096720763712
48.2030564142548,23.37996524895939,65.7393581673595
54.78600684615907,21.502985108449796,56.110873484745184
60.02072153748051,28.100036125133332,58.88529816904464
50.4942121853999,25.744864439118473,61.88480826975696
60.86286568896052,24.446917957173216,58.34123018835574
40.79472327370667,28.770891118248382,70.72099499205335
38.63843912950112,27.609501784427998,63.27480292742714
49.62949684835955,25.58980342315818,64.90163483295228
52.56171654442518,23.799239003322764,64.42141806201164
49.7819260302124,29.18114332070036,67.82707062942711
36.21016119273402,28.625502944896652,61.20741379655372
49.4055693364497,26.752060340551544,51.350130907134506
41.29918843163263,31.616592490119164,62.66591863819012
54.46671590069636,24.32478808418462,55.6554495184085
52.44521030146598,23.186187072688153,56.47412673272912
43.73100182519654,25.270229825296887,63.911048005096475
46.572507661364256,26.886034959111257,68.25934808646235
42.93504580900069,27.60834862330673,60.141881416829534
49.58193042118794,26.396909855359176,62.05991619403509
56.37079927774326,27.88013849128574,71.35377368071704
43.425207270941925,23.87115143952389,61.60582370718875
53.36199025850402,30.60941151018315,77.35322637158323
46.46318168545582,26.79462205401858,63.7719493363624
44.71153820881017,29.79323957897032,48.255712396430695
49.286107499103096,27.85681336594426,65.02478861276722
43.09493370946277,28.14188304788446,62.54232642716813
46.307159133334295,28.42441820058051,68.60265086973192
42.01015445643238,28.11927140004329,64.49011961297062
63.10471663655232,28.60680689966886,59.07649858682823
50.23520789165143,30.32288132533108,51.83393076394993
45.33283086168945,27.491302924253674,58.60581487390221
51.42724600459726,28.77250939397128,54.32702857042397
49.250771908562164,26.775660764281934,56.1279085898025
48.5261327711134,30.600293038623683,63.925817957485464
54.096491889289645,25.309019244851825,71.13826304402389
55.05257642601553,31.502351082277038,62.63245910391928
46.46155734543778,26.89960512338914,52.02345997622532
46.15929233489999,23.42306224470488,62.965499797028336
48.16540517999854,27.320261037276975,67.98153201592649
34.64618583121365,25.2973708563128,55.93274802818972
39.893675615135656,29.10160887247181,59.10610549829164
59.11705136385498,25.368440051744024,60.097970258843745
60.971934649053566,25.88454141696305,54.76472825174146
48.33892961615896,22.276148172636173,64.32403049373853
53.84563494358196,25.86923420187731,59.193275848786094
52.076038530805384,20.94030168342761,62.79828140085988
70.53613499239643,23.04024294128569,54.08042717405999
57.467564659268625,28.901036640360743,57.082153136842855
49.14678966482329,28.96450039662708,64.81828365671123
43.62654526119516,28.063643904462413,57.51320287554791
39.28500304388199,24.582559642176967,71.51884888772682
51.357102451234375,26.88072160964505,57.3344266419506
44.9551405289537,26.99099365227358,61.49864712076508
40.51356775698351,24.104088277018644,66.2203808485935
45.68735886210235,30.758495754417876,50.53950056133668
42.786074815891986,29.193405726439178,48.25540522408822
61.253234705934005,26.44758956542584,49.823872381817466
55.88053717885283,27.067214597486327,68.4214359698593
49.94682248241816,27.52095701986888,56.31910616689738
59.87122740639647,21.895662828939273,77.06318923540724
50.51604661200962,26.382056543698507,56.23646851695522
44.25523437714048,25.295039380005505,61.23095719232424
60.15923759538862,24.49594997526271,70.28587338362773
53.594529991376675,26.297249267785112,73.38063956402135
43.08156815064254,31.494216317123808,73.75022885616477
48.730441017182336,28.602107153167523,68.05980275805626
44.15962624992367,25.572052525543008,66.83049704716245
40.77672579446788,28.431456953390395,63.95215475117189
