soilMoisture,temperature,humidity,landSize,rainDetected,yield_kg_per_acre
42.472407130841745,32.45404285049363,41.10797573031718,10.622094810156252,1,1011.8648636372458
77.04285838459498,28.40240915860301,62.514056842701486,9.844046613779755,0,924.5431277066195
63.919636508684306,22.738190407158193,82.37675015258449,1.0000202832254959,0,1514.0448912451088
55.919509051822196,35.344875492673715,73.93349318457368,7.1543326387100485,0,1246.9623823971317
29.36111842654619,32.11827931384698,78.39366887168698,7.913814566324213,1,481.24139937055196
29.35967122017216,19.065423483622283,69.52700200264304,8.27704422748956,1,577.65218308259
23.485016730091967,37.77317961234606,71.53659387107115,11.813361199932979,1,363.6002159828042
71.97056874649611,35.56343107307923,80.95173909391916,10.90524966117413,1,959.0946663722945
56.06690070459253,38.7449978322981,44.98008053155115,12.35414930947217,1,901.0334213049312
62.48435466776273,33.142987709709004,59.36549781858843,15.415223600071501,1,1933.7820438307563
21.23506965774815,30.33537989839475,43.27256650917613,16.353221904963824,1,643.2976840809121
78.19459112971967,25.456075907265472,89.26008047979883,14.50339998641664,0,908.5099301273343
69.94655844802531,38.31821208385033,86.64356038119679,19.132712071121226,1,1032.4595708817913
32.74034664069657,36.65159723751021,32.365608682110356,0.8555353621890518,0,365.24533205339134
30.909498032426036,16.130466752654733,72.33451035094131,4.317670720829149,0,345.0635741841196
31.00427059120603,15.6591743624313,85.51489904493995,0.6474760620737714,1,389.97881013378554
38.254534577572265,24.41158417195124,40.83452070764001,13.125756926014759,1,665.6751556630327
51.48538589793427,35.26383326954583,64.07671383315777,18.011595704524744,0,858.3875935748624
45.916701118526944,39.68190323287361,84.92929785528251,5.247904783237836,0,402.9522591392613
37.47374841188251,18.760422277588205,32.03675871514793,18.57717362352798,1,443.78763296708206
56.71117368334277,29.853267883803376,71.84521603481039,1.6752141106464367,1,2404.8855945668693
28.36963163912251,24.52227141577554,47.840940442353045,18.721502522707528,0,510.700461720477
37.528678912113094,39.24785994536508,85.46377172259182,7.356642401172871,1,302.6995752148196
41.9817105976215,36.05297307839272,88.26349470992207,2.477706154759722,1,781.6820123284988
47.364199053022155,35.958217617778445,86.65598934680604,9.97449930413335,1,1110.5467874628255
67.11055768358082,26.717328994874258,58.45285299944783,5.507143070549905,0,1684.1626676262542
31.980426929501583,25.37048755844163,81.72255905935882,6.055021588257495,0,531.8469621483345
50.8540663048167,21.835176798267657,80.67296391210422,6.492154316062588,0,1301.5753677717807
55.54487413172255,16.409387416273177,49.146028394595334,16.159005007736937,1,978.6804554596469
22.787024763199863,36.61805940637633,79.73492844904064,11.013644895167463,1,403.9817278267291
56.4526911140863,35.32252522825194,32.220458082929554,6.570500133542071,0,978.5790870815753
30.23144742123749,39.992941832153264,65.77619270892319,12.401508774562908,0,193.27728601426588
23.903095579116773,39.91592092684763,43.80053023726218,14.464938147352274,0,176.90757313336772
76.93313223519999,28.885792640065688,37.23401314663673,5.8161680143039085,1,1005.9643094244519
77.93792198447356,34.22468537951276,34.61719209775255,8.564207479744354,0,519.8062191434113
68.50384088698766,38.619143247060705,71.77732655268838,2.876778820070477,0,652.3295696375147
38.27682615040224,36.24118476693529,50.39249782608397,4.032412315926266,1,387.95441574058253
25.86032684038303,21.18370254357994,73.48600629172569,13.781798152317165,1,678.4208503968092
61.053981590729414,26.263603382752336,33.92138044793654,4.038047780064725,1,1917.6176847614681
46.40914962437608,18.228985378787375,48.91742026983662,10.740685981507673,0,652.5381942852556
27.32229409068673,38.85127568146806,62.36947754252023,14.326402103587437,1,302.364382479558
49.71061460667621,30.154365861272,77.44338989033781,2.584100000347505,1,1569.1781569825698
22.063311266913104,20.71607013758657,49.12515017592419,11.562588282763619,0,464.40470140094743
74.55922412472692,31.792517110146417,67.55348258622055,5.502974282176593,1,1445.017113369744
35.52679889600101,30.453206011447396,83.15866489417124,19.277074067132805,0,444.86203149431384
59.75133706123892,23.954067950821013,66.95179129093827,9.929140111038532,0,1546.1584521696711
38.70266456536466,17.838939804990726,43.97756848521803,16.216854720615583,1,446.92554307858234
51.20408127066865,31.78932988981999,31.464046893392283,11.229417572047105,1,1626.4768654067352
52.80261676059678,28.00769252259483,82.2059324340558,1.3465443906689738,1,1990.4436417814607
31.091267331531622,34.30795979339098,31.27616465102323,12.846451824083436,1,483.00883945651293
78.17507766587352,28.004087527799832,82.48210036105196,19.052365173029813,1,1032.6609532083137
66.50796940166687,36.3045375079635,61.73622804163272,12.231430492853459,1,1144.7105520949842
76.36993649385136,28.797670969362137,86.34406191077377,16.47418275882241,0,1081.1448251554632
73.68964102565893,29.023449288384654,77.92699414641993,17.742026035293954,0,1151.4798718948803
55.87399872866511,36.91634006645863,89.87604663200025,4.947555553004183,1,1516.5054169440123
75.312454101387,25.087071655309927,51.04270892710261,4.634874378210419,0,973.6921806070964
25.30955012311517,18.35038071126602,76.0312973358676,12.414129282594338,1,477.31057909232817
31.758971745148713,15.719566907833475,54.11585481655453,8.515055161230741,0,225.1745141294047
22.713637334632285,33.87843139184048,58.79253721823453,16.877295405901048,0,362.82492666539855
39.519819845795865,30.507738783836615,67.6503277931022,18.05045090626122,0,471.8139608648852
43.320637381368925,32.60199420248059,82.42062685118032,7.391716896403003,1,1110.4945863604764
36.28094190643375,20.32410403772277,89.04500815195772,5.1189759000024,0,502.54479449916147
69.72425054911577,18.409286889669243,76.0964048318711,15.720247547255305,1,1066.6716447572487
41.40519960161536,15.363616641697048,55.066006930040025,5.8587176931886535,0,371.93514298789796
36.85607058124285,23.764688970164926,55.281420136624206,16.54097921101673,0,494.02518167705426
52.56176498949491,29.74794217136583,74.25493809533349,8.762895946150875,0,1455.0342895149554
28.45545349848576,24.806101127493307,44.32662874609814,13.517223036183674,0,602.1735453875468
68.13181884524238,25.936873050593228,36.62844678788368,2.3629386197760294,0,1450.6309811489057
24.473038620786248,37.60396736234371,51.27732945844659,12.665256831193174,1,372.11895750346997
79.21321619603104,23.706386675582507,47.2343394992449,9.309469735375968,1,765.2256457086049
66.33468615779944,27.84973722899527,47.778487227359406,11.938865031921745,0,1119.680633652317
31.922940892050345,34.591325318528575,44.0164650629946,3.7762770510248367,0,377.3418628909928
20.331327027416144,24.913569558031753,32.525591378181716,14.869038026411552,0,495.0652429204044
68.92768570729005,30.552167505696836,31.072436084004828,17.324543012092956,0,1104.3326587873996
62.41144063085703,36.55909271866863,89.26334338416189,4.726426101770125,1,1336.2281254095944
63.74043008245924,38.738015591441055,55.66638802415174,2.3664338326431538,0,686.0660603479121
66.27622080115674,18.67683702322595,53.0595988295809,0.9609524279035597,1,1325.4368392341569
24.44267910404542,38.16469062903736,70.77883696158419,13.018444258643687,0,262.63863701731657
41.507943712656356,27.302907326988453,43.09523327190385,12.338333703731225,1,965.2536501447314
26.952143571507783,21.45610970747396,86.99767103701352,11.160599547924365,0,530.7437958531841
71.78620555253562,26.478393905956533,77.18070086493313,5.022968374261521,0,1143.0581135214509
57.39788760965347,39.50081438213692,35.36466013873557,8.122666920157535,1,811.204709970693
39.85388149115895,27.31545234982174,55.0548465470957,12.092288536130374,0,599.0549910520728
23.813501017161418,23.218790257187706,82.74709845372988,10.186953747753803,0,542.6359780339791
38.65893930293973,30.835021357918144,86.68392133748462,19.7618176441903,0,583.68603098142
39.51099932160482,21.003640469454826,58.044090674992184,3.1605751748562962,1,653.8674257457433
63.77637070028384,16.8965832027166,66.80468335264246,14.05531880392808,0,1006.5871020629829
58.253448281312785,18.22199304776623,40.02203676552451,8.384215978033696,0,1059.8089539491023
73.23276455457959,18.20114597394431,89.4701175682186,8.849892491049488,1,1029.0842173428616
48.33289550971696,18.797567337807358,43.90030208300661,14.493156430334437,1,1177.1206293672183
27.1756547562981,18.470679316235255,86.56390644810753,14.002504950825209,1,470.49993453958797
62.7946872333797,31.021868620080365,68.97879893954212,19.829491877192673,0,1489.8878206176469
65.64710291701385,19.54700210997862,66.46420769273155,3.0036886443554422,0,1170.6802502104676
53.67663185416978,23.64168208309658,60.76131066099052,2.5301381629912436,0,1376.9282002624816
66.25803079727366,37.4197102476503,43.84018870306552,14.624606934010453,1,1026.5232355178364
49.62773578186344,26.84904100657181,40.591681920330494,11.778544881624978,0,1019.7650783510521
51.363969762919645,31.68894346302568,43.22917254421052,5.846132997916214,0,1153.7045168974973
45.652461101512976,19.307996780040746,41.18629572865527,2.048677695285239,1,1033.7597721542086
21.52514760464571,19.80722547021677,76.7750684140052,2.1703358671303956,1,591.5966016403397
26.473485619598268,16.021715406661972,51.0075155500038,17.936722055950305,1,322.7475883635852
21.885751141204054,19.223376576804114,33.47056059380378,4.241412832015486,1,570.1161075215875
58.184624675826825,21.964758475798966,88.14615780844868,6.805745461252655,1,1754.1324484750285
38.8613588645796,19.42526210691867,83.02715309780554,4.919799843426266,0,485.8168324229221
50.514241469882165,17.21756334392639,85.66513699171279,7.422427963722778,1,1189.6672912874067
74.45398843556558,18.01589677751502,89.69446935878611,1.8537649335488207,0,724.0861367582825
34.9575337489325,26.519469200818143,40.433714953169236,10.621665922711273,0,616.5929905330565
44.62297538213778,20.158342960144815,53.77452113415953,1.8184449900481905,1,922.2124241739849
65.33306831258292,24.10674652620189,75.49430854224548,16.10695190253605,1,2113.7873835975397
33.72788992949735,27.58543177137142,71.76123708322754,5.057385597253444,1,798.1101933213594
24.618794589727578,32.25987071573413,39.233754380391304,11.030232334787957,0,433.6714640721594
37.38508717482608,15.982803496027474,78.94998749943707,17.661542207448434,1,432.31645067737884
29.673277235240263,34.98525997272607,43.46643431019964,13.192108696420286,1,496.0286555444028
75.78185914055439,30.697509737272696,43.42905688935738,10.892676837751038,1,1188.6782797699807
68.48722277386501,17.043975798721796,62.218465373604815,6.824508185749824,1,1123.2759174903604
58.00422539062541,36.839465602669435,65.57639609050219,6.9935373046348595,1,1230.9618582490157
72.28763541126307,38.02181001329533,64.80517247026867,13.554995626364708,0,679.375474765959
68.22032461394687,16.526948996371594,35.489210243865294,19.885717543812767,0,806.0617833103356
31.194203533162153,21.921941203680092,82.64765175782281,13.405864202062883,0,425.03997631884374
73.55353990939867,35.15503199482653,45.93600255532236,11.376776638715485,1,1179.4120159352562
52.36053451493904,33.70649225959146,37.77089527696825,14.747684949665299,1,1201.741700445
68.44640930984374,19.613025483909432,83.32488479213863,9.571509439532504,1,1637.8339369905918
73.7654779954096,20.233733083417757,87.3390898937852,1.6727756807153118,0,1077.9581491083318
39.08020849831183,24.26180256978455,81.72765703592704,11.464787909619242,1,641.104322912214
26.603115471660605,27.113074629775532,78.57096448349269,19.173693047854915,1,706.6861573997675
33.6761097525165,30.4563692882574,69.3145188383413,3.918407375974363,1,612.1119241125388
45.626467317575376,24.22284098924431,63.05144223654836,13.955095371002981,0,1030.331056345328
69.08088595534959,26.563367903328697,35.21920559468461,4.4182069288516015,1,1625.1640218533344
71.64383499538062,33.68677345334392,54.50719278424192,10.948639847225085,0,1089.6923256630137
20.417127831871444,15.917080072264948,52.36131102073884,2.3851907681110327,1,400.79425991474227
50.64483815465394,21.31092360860052,45.585227025619574,9.28223325703461,0,1305.6241510578066
45.04466018892674,32.83373964711381,73.40520682131509,15.245184913457297,0,872.0309900618936
33.326468628243816,37.38017094217999,59.75254410472625,7.277644722660151,0,304.7942994959556
27.19192204002097,27.791936052891653,34.862772954458876,13.465778627500752,1,555.5535269929219
40.25691028421768,28.30283713163289,43.21099211698868,16.011274235399718,1,739.5940000778143
76.57458223475115,17.679300283494403,70.99552581957576,18.579967479849326,0,673.5961568385327
39.39217592124531,26.185309170586365,34.56785156941801,5.075520596181344,0,621.2999920603273
51.12743730460197,28.315431661375577,81.07241484292612,8.286660358281509,1,1625.0186882516357
62.18113753371067,21.06176259086824,59.70879162083846,3.47211225994314,1,1622.8136874274123
41.81777614275764,21.731080773734526,58.83519463959888,19.853428292088317,0,697.2555929023198
78.30692496325764,24.432104077615566,65.54446707957106,18.57651887452376,1,1019.5534983735066
77.74683769652668,15.50177994444316,79.48085795550895,11.029164040470912,1,481.96329121173017
35.10693774952185,23.05197913957946,50.86855247413158,16.919649240340213,1,678.6557596220798
49.83491035354312,20.286200174913617,70.68096915354381,10.658680556804823,1,1366.507236493971
38.052698589006184,23.187433804447867,63.94391783974746,12.659920916053814,0,519.2415921247649
37.090429662648056,17.99405329548128,46.02169621016528,2.237926426262324,1,489.3815859722584
22.21321684127197,37.263182018497375,82.71779918130949,15.227773199687755,1,430.44990002983525
56.57386003879381,29.839811338851217,77.8455612964157,2.990412930887079,0,1477.1786664048295
50.16074139373169,31.97755797861224,69.50711007950554,16.608318789924304,0,1215.808392177694
23.08872507499936,34.729280965183456,81.03490374565452,15.749547709572525,1,558.7867655108738
36.71878785419669,27.46105497322643,82.03765205758813,14.320521605988041,1,714.2628149118738
74.49595315799922,17.17300720218559,72.50177860290208,1.2051274202328612,1,851.1459400289456
34.37371344001835,28.427663545463695,80.22079970182033,6.4110029409339075,1,850.7731120133737
28.693692325473386,29.671027950521978,71.84828770015702,5.630695113261436,0,576.0724263849695
49.36716561665378,33.63598685460825,70.80844630561802,7.522659945694622,0,1062.7781853754075
79.13902724663603,25.791488655741986,67.11668269291106,2.2090335618948513,0,760.9557936656231
34.523316290690026,18.189507569889095,75.16299837345846,18.770677549105724,1,487.70035168746864
60.328132844352716,22.09439764496811,39.51630631758442,11.299143693891338,1,1952.431454923028
65.69717691972306,24.077057409965878,82.85224555193571,6.457724057831459,1,2024.1979425111074
34.25825263954398,31.147931033290032,82.31061166471392,8.241139582948527,1,684.2192736238795
63.692980916711576,29.269457616722796,31.75483698207355,9.220449539844296,0,1471.3645304353797
42.06698796315519,23.902418147446156,79.54900503388576,12.211589500532037,0,684.0706963247236
57.938349835614765,39.66288121982449,37.73219204840671,10.555748840081707,1,608.9512555854285
58.01178264565368,30.14437048392218,50.10713125554851,18.42814347768114,0,1286.6781240975354
52.14648104448551,20.93066979339986,74.61049537749646,10.19078791666369,1,1638.9471864515585
25.4173862032645,17.544561815510093,39.64559376289849,19.847081289054596,1,510.2766940454565
70.11814973535428,18.821478479608302,79.07802144714373,17.102786676029368,0,1235.172088019657
39.24680389830415,21.148943209612703,79.92805067746451,4.565955029968048,1,686.2509967101782
31.191110623991253,19.017034331488894,60.44806402565017,18.646606685556367,1,554.7965753022302
22.446508493285833,19.664175601282643,30.383152303010014,2.769144758766784,0,329.5242256719104
55.45357659129451,22.127379217346178,47.22228799049476,16.440269315578234,1,1632.0337932784087
60.653861710536944,19.33433988236887,67.01561510254453,7.922154222793312,1,1447.114848404212
20.995269735671368,37.41913561566063,88.87117068164541,17.620499248678854,0,308.7039404711642
50.72558349795686,17.005843641541055,67.9088116210001,17.427105457095283,1,1058.6341591470275
33.58974651187628,28.112784739256366,45.588214863849586,16.215545302293613,0,502.7149517161134
58.71036742456699,25.259920674741537,68.04034218597668,15.905593507987696,1,1627.6887999433575
30.461985740299486,39.559465422715164,62.39912278295133,6.441243212411795,0,218.2532038768847
61.456264286147956,17.80097255420131,76.79072370906862,2.0779260194994174,0,954.2858430159354
43.20412077803225,24.946389976143543,36.4188383296175,8.358113485920647,0,861.6340111542262
76.20379932420407,39.236760831884226,75.66167415012168,3.883728042236919,1,614.304785343928
28.251256648759593,36.637678147349504,62.47599472056662,14.051546233598003,0,314.0722183889132
40.46398106301551,35.426801773731995,87.77952023153968,7.248944667486818,0,379.179670405857
26.808411274435343,21.447570676123497,50.51232996232116,19.52439891676834,0,456.55562697790543
75.48161709671376,19.272189684751645,67.9573135880369,12.998955508233974,0,861.0057933831555
72.64036120285886,31.716080498110774,85.92168633060105,16.53837099087004,0,1368.5300153019577
35.47649766290934,38.23439972818964,36.15058367944076,3.0842311184660445,1,291.6879816240844
59.59904276205074,28.919072325348246,86.23370923418707,17.30928240431614,1,2212.0778801460547
69.03333201207295,29.290317236747498,71.27314333804881,18.49376521501119,1,1698.7063661107634
53.31204869596774,21.999477341507102,34.07022354631032,9.99770741696925,1,1586.5640106629965
51.77903470136039,34.23732332979842,48.057814016808976,12.32193228614406,1,1770.737747927487
34.5111374540271,19.676093713938084,72.4903253187169,15.413791117608412,1,485.6178794315107
25.586166068353954,23.09198091010609,34.041036088126305,3.9093532315780446,1,643.5133398860634
73.83294547719962,25.635910965410417,64.9302276105764,10.300038491037128,0,1170.9736280019333
74.02508342979982,27.690259467111375,50.752983417177404,8.273929041560105,1,1546.9806528141667
57.986087436396076,21.060243310377004,67.25493106604863,3.354292847163858,0,1369.4566559469968
40.34178746292204,17.87092061848009,32.74452202875077,7.666921234684863,0,424.9821049402226
40.95257447675965,30.265501061040816,82.29220836914257,1.8293600330171245,1,889.7105465863013
63.557340732214364,22.215763831006395,88.4093381506438,1.0033321855149961,0,1519.7483904014405
73.82661559715463,29.530955535565305,88.13267131714149,3.135742638519044,0,1113.8105392092598
73.22518545590704,18.859067881855058,74.97910990457548,19.28074467598889,0,929.8576307372794
66.79253275145743,27.028502546370436,37.80517440783792,11.21582594995283,0,1334.3046931465765
58.52189876925726,28.314735813789646,75.49579175574135,19.33353214248779,1,2149.000828273963
25.04839789970293,16.295588420560673,31.47521498752809,8.933708627437573,1,358.86610905408736
29.697722845676825,23.415106954848014,31.327413091739835,6.580414595162562,1,701.0504115877233
73.91325131162475,18.360366923474356,49.41661314897247,10.36976632538476,1,979.2188951569782
56.3857435795754,16.584374261819192,59.318591424279944,9.070477928341747,1,922.7286253291197
20.55182309699778,39.74900580974863,76.22444506846759,2.560461343104006,1,289.0766048907287
26.088292571961926,23.058846124368074,70.9977225963903,12.996113136459021,1,618.6564526772191
59.81010614648335,35.24686114636587,56.7541623826049,4.712744558937192,1,1367.2695262754792
20.30369503077312,21.366016369094098,46.41759997689995,12.581965120507677,1,564.4440619131345
29.648483085049918,32.03756805559823,89.82747000946267,13.17892130176399,1,770.9173967410659
52.924027361995165,34.00569649724216,55.57087813415838,3.4644846360086383,0,905.4674835330935
61.513711861561596,29.890968515196107,57.08322145978053,1.696317728658029,1,2545.1103678188183
59.11767557015603,26.78940471375396,39.81742927150015,15.724850928334577,0,1651.0762171555355
33.45615856763359,25.296022853681713,77.68857292499575,9.466108263501743,0,574.3899628550537
62.73075328085215,23.721706663574885,71.62093354688932,1.634194012356778,0,1509.0833649745239
34.23494524980801,38.23822860619565,43.24617676732562,19.89989318481046,0,268.4461184294372
39.52398188955606,35.76548519469323,34.94286273695056,1.6267209394291493,1,517.5592357191225
64.78948430708145,39.12567276666282,70.82995812448279,14.053186962741787,0,677.7247005512215
58.97797394283288,18.10743058713862,69.27067285686812,19.681739042636565,1,1487.7730880610595
70.95340462965068,33.27168688009111,46.395571619892564,5.164012032210549,1,1369.4054823650658
59.4567735380206,38.458511420525944,87.05181373502462,3.2738626894003255,0,770.4167697879701
54.098516200128294,19.530826654141503,39.06347350685401,2.8670063187373636,1,1400.853398912924
25.620486069685548,16.662406684169436,55.940088062556114,6.413865377568113,0,304.5858328036455
42.06294818356601,33.528016232251474,86.61695521005593,2.4703933147076107,0,790.6176574832992
35.91214206090353,29.3618278294978,55.18363901556734,13.997146163035572,1,726.0207538635665
34.63937860274501,36.0457194189568,68.31155685984513,1.7146900635362226,1,342.49774357612563
78.38063328514673,18.494309415657238,53.855663877767654,10.4337314989209,0,576.325829339505
43.58586348000563,34.88168279649726,46.452912140920205,19.93558865013305,1,896.7884740146882
73.5227933106268,20.040683001193614,89.0386588775897,16.372420255367366,1,1256.6714544088295
57.86831755983577,19.091398571642614,54.560040378902585,12.496779045504713,1,1431.5901258649428
67.6886782124989,19.106644948274823,83.64595222074806,6.471945605338927,0,1251.579233761913
50.15822558631153,35.364368005784556,43.79727635346517,12.66596880768695,0,1016.7648811969236
54.614233077581545,31.629930517405004,42.786282241505,10.777308546277206,1,1572.0306226157647
49.55106162913184,28.076635619227982,31.86804497307068,8.808625985862244,1,1646.0334679598475
31.71457926788267,23.970762103087562,69.10000952255311,3.0488523464338897,1,628.280344961858
63.34712691569032,36.930013520327705,52.11158062342567,17.7887821971891,1,1021.0230864154631
36.846341746451344,24.811127685565886,81.86149499037822,9.270800652015788,1,682.2299392951725
21.45895798588723,35.41498598678943,58.392594401493426,4.295138980504919,0,424.6968347424208
58.72833775443007,25.97837271425546,88.09160567488331,7.671307342107148,1,2336.7938004451744
30.626640764422937,24.423610735622688,41.13153094218727,8.575530174314077,0,537.2277065145254
76.42751506117486,26.56699464174016,82.11739007733664,16.63698896355405,1,1353.1547979638146
77.23571462015525,22.534446854103553,76.59581116750451,14.80548042094734,0,869.3716167200603
74.89186341322691,33.69023450440628,76.25531067864313,15.501445426006127,1,1074.4246776833234
42.20952201532666,27.56800975231198,80.68699368701326,0.7151096563586207,0,894.3540826246723
20.927396991732046,20.80531737867043,75.66143945657993,8.615002964505349,1,669.7114345269723
75.69911375526353,37.48936433186421,67.57321929788492,9.88621095688881,0,603.347182067154
45.69104889903886,24.597280534330284,37.87469266094325,0.8742493980496053,0,1127.5318215856935
77.99928914262017,28.588821527849717,31.951570769475115,5.566357570528167,0,800.2444476116234
77.81719862535516,37.661802774113674,85.2508708689412,15.325651550881632,0,487.82937101719415
71.1805673280416,30.605949897849804,66.99901887124429,3.1736392617154814,0,1353.8506621111621
37.66693352417514,17.9224510177091,77.79223745857058,10.938547563325537,0,380.15596651804884
43.105863716115515,38.49580309033688,58.891341090753,4.696436504336131,1,496.3081741870587
71.06820029101141,30.692701326785446,37.038491337743665,0.7363551055559188,0,1128.02499057356
39.01532030937666,23.372640366427152,37.511147532153025,5.203428423191059,1,590.758565324368
30.16956480116555,18.48180181658468,71.13391723373829,19.529538220746048,1,480.1952752287681
53.40807574750101,34.8506297317574,55.818353693967765,16.129973681718297,1,1392.2475197902504
76.16928644964686,30.50181889821284,42.0314836020202,19.21174456426015,1,1035.1223136688513
61.76178780049838,28.33652729940804,59.49567280448621,10.013153856564069,1,1936.4586735259554
54.203670205361895,37.347314576273945,33.85253622450804,2.6398558742113183,0,649.207474096984
25.830589626246113,34.714930280613274,64.91828411486392,11.185210034987012,0,430.52506639400906
56.90043360195018,18.79187199331878,46.13960426610586,9.360358023919238,0,1092.2499014272464
79.4032310062558,22.793051694888707,77.85354603823129,16.96496311342251,1,780.9095235137991
28.405040914191442,21.212228495361643,48.621717535414426,2.4126103252927695,0,492.804915438581
51.0997791418242,33.598657314316924,57.31320894490807,10.020702171924675,0,1237.5672977471188
72.64238431567733,15.838310868394485,30.697232394486036,3.425948961532693,0,468.7205373365843
64.44611706525227,29.24724212178291,34.34681326767353,6.8311805743561695,0,1296.9530262456951
61.82094445971608,34.06146714351726,53.549613384401084,14.878463009062093,0,1133.8740674621845
62.14904503922656,36.91914091904374,58.796330083027414,9.782353522690947,1,1101.4785698190753
41.56946907318531,23.55204371789769,66.00123288715822,7.829821560342502,0,801.5475394894323
37.6155106558696,35.531432616800316,47.499754722558194,8.192287432115688,1,479.0410630637043
68.56166932871082,17.76579342388018,71.69891316759255,9.45921198391674,1,1185.002162726937
68.60680368075084,36.16130729336295,81.60734383135227,15.80782260482261,1,1000.515153304204
72.02433911480622,18.18721655829956,76.791059333601,17.89565143433457,1,1204.4765984880949
74.79443315338827,24.93218226400918,32.37712952090143,19.129026386826602,1,1100.3505889390067
50.68054393165627,34.932384144488836,58.830416835469734,15.844616031978255,0,1021.3803357331462
50.090977681231976,18.747935683719344,36.29581070509049,6.6504344670862485,0,945.9060725591426
67.89771073800651,20.731284880816037,44.522700951751645,13.918626768687572,0,1311.7353331270783
58.99783584666591,33.05631420982665,89.19975559602878,9.033260919080142,1,1593.8835756835063
62.1180126354622,33.00091341365186,38.5497325740908,5.4660771298979975,0,884.9175969787491
67.74756016616607,31.028690822132432,59.933289207081366,16.89699579880549,0,1355.0570259065955
73.40032050905398,32.3487111116775,67.08934405908715,1.2493138047653374,1,1569.2121132475916
40.27970941109215,28.568111083689907,72.14789823264624,18.084358846640757,1,963.2760329907159
42.53497715839664,21.294976472673817,63.578921009214845,9.498810560182315,1,982.6066799180188
25.638916390452138,23.642399837597985,30.58625084515102,12.925428797761468,1,602.070474870053
54.69680845977044,19.539942920035642,49.58767849463951,13.357401483012763,0,1230.052767711748
22.156536427804525,37.71126403334071,61.06269860308269,17.95479594377746,1,346.7812232781043
47.93588108794761,29.58479486915301,35.27198994869,12.915058802260543,1,1526.4814262852437
52.5586780824546,25.021285419090997,51.037615872550845,12.471704902821205,0,1454.0947943738763
37.192475127697065,26.550145091103317,31.992186527481994,1.7997147909334543,0,568.1127399199524
55.44999563414065,38.68208349029538,34.71470982930124,10.60895642793148,1,1073.8961704301546
21.830014996342967,18.833785077902004,53.815396572095764,3.4282955159323123,0,411.5246066497004
22.240891324952866,29.65574580041993,37.96294524258362,14.879958490068969,1,622.0757670467308
69.3560336395795,27.64721697211165,64.05245089569348,10.488327455847152,1,1766.2315873948796
41.61143848467577,30.286355885866193,71.36789814823595,13.76444169456289,0,621.9727939325605
27.623630759113087,15.452754595521013,78.03520194654497,1.3126215617464931,0,247.0146735302993
51.334595603288264,36.803097723603784,42.009014654688606,2.153444312893163,1,1018.9064887252506
66.19961318591665,38.302957062090314,40.04895493554419,14.468306067222304,1,845.4154458246533
32.949261649810595,29.12832958973022,36.274070420064014,1.9056445519741305,1,669.7391763256912
57.373428549140016,32.4162705969223,68.1858149726182,1.8895061914225426,0,1276.14264362227
25.120847899626078,38.062484529432396,72.38854358921407,0.7361152670803053,1,412.99874711886906
23.10090327011646,32.68096585783496,31.895168689538522,19.15177726683986,1,579.268076459745
51.88127789408888,18.813476072856535,86.17273477462139,14.881413009450636,1,1409.5872910577145
52.43810729660639,29.40720900417033,33.118277019088346,7.388402465790251,1,1646.0735798105372
58.24579408989239,30.1678761595714,62.47778011806423,6.282443835109277,1,1974.3741084017297
63.56548002335969,25.60326678255965,72.54363116705498,7.319212980044067,0,1692.7345605182077
78.55112476775207,33.411105890618074,82.25814742476513,15.605743858033046,1,783.4015031413692
50.97802089807172,38.35917536922537,72.84521592794567,13.396726915873082,1,825.6360121518638
39.377388376474755,38.13921282266941,78.10368498418751,4.111313573415625,1,371.97177484494046
67.71117168612221,26.270984285103303,50.367011552568364,3.8951320390146447,1,1558.6357224817882
36.24993507572445,17.830951146018883,78.88950682479074,2.4187151694112474,0,347.24912763513635
46.338285242338166,39.62102997405836,34.806890783080505,13.375903034176094,0,367.8343737031848
24.70738288053596,35.972452161148354,83.68899936363167,15.405266913323851,0,424.3607301503301
21.52104460492745,18.116567030081672,62.85554256922418,5.668405352337579,1,500.60238276089996
77.7589048806755,38.02104706543431,79.03786619774962,0.9084267401027999,1,582.0908091508796
70.15880723073235,36.747409051553205,57.13909707109801,2.102347515790333,0,883.7094760411695
61.75845236562188,27.970951428151803,68.6146617117915,19.373270679478093,0,1558.2157593785912
44.53717666485619,29.781885893623233,61.58415965616679,6.261173160809695,0,1013.4555318394722
30.397659204250747,24.975067596753256,73.89537130531991,15.499851382843605,1,710.4195867158458
29.38622256026516,16.369040970550785,34.897798921835374,12.680939592658143,1,376.71070333569975
35.01457388987572,23.379931041147522,33.62112503943383,7.94782297323147,0,460.46557173062143
52.95359988236723,35.071336214950286,44.82619404060878,4.510901612813325,0,782.5888813176276
62.87575536200374,15.115800575115072,39.5726808067913,2.867035154108425,0,633.5336713035529
59.61184260306388,23.337479292278605,82.3070139955321,12.4927528767579,1,2293.494064440966
36.79603381675657,24.954217339773585,43.15283924148266,15.605358722436865,1,733.1823245442915
77.29191683979164,28.434890073448074,88.55191534914788,13.056132944052049,1,1289.227379712299
64.2738150017461,37.99639041031901,50.213747506266415,10.840891598358587,0,863.7069716145336
53.26124315068404,23.65864985914903,40.927074941321955,1.318048856916907,0,1346.4785818550756
56.70324477406113,23.673830047405694,77.38191042854875,19.385531163090484,1,2013.7639091069227
45.176003745667394,33.43753120274371,69.52246653005257,16.074926737264207,0,837.6277393008696
34.86385937006945,26.30544852224518,59.89174298718834,6.210029715668813,1,684.5245354886988
41.35836071907569,20.61512057349955,63.321813056257874,19.609421422497586,0,670.0361661377848
65.47076662786215,26.310987903317333,73.15210669633584,12.236690997908282,0,1718.2028400129686
20.863609317785354,18.521425509494996,43.70728447987793,11.857241835041306,0,370.93885106109786
26.964358430414975,19.409674662655583,89.78003496340452,15.087426998875877,0,428.32993784378556
22.760158521305165,27.459194318486993,88.487589728807,16.329510867757683,1,751.6760778724363
22.44372813913821,25.473136237613698,69.01954118081622,13.301332842964301,0,586.1709567187117
71.32763504066043,37.8711475267025,41.972547055748706,2.9978670541409005,1,708.464984916734
62.219471562801424,24.059847477915827,70.81369454587748,7.096216366892719,1,1529.3401192107553
48.45042974523951,29.514708756951087,34.33190453875055,18.59763098635797,1,1407.979934763185
25.87004963906009,30.80660719798826,31.839150132348365,4.880004430955113,0,425.0080110804352
49.49695250700994,15.32736141470834,45.46097331067282,7.75725696483151,1,706.4226261636645
48.408306246833945,31.588434300417767,57.75737740435898,8.925499217411822,1,1450.9847133437738
30.392112194600912,19.450899171743785,82.09635032450282,9.068397299041818,1,547.2079666161669
46.03109895427838,39.026757936736374,73.63014418597848,12.452321858643247,0,549.7277259443281
43.91028406384241,18.716568193827825,74.56239127199886,18.889978836021797,0,739.4721928954887
56.951005883132986,25.365603093175594,55.52960006688452,5.193507880733847,1,2014.0137505653747
58.10561905205863,17.133741701966095,50.75609955281777,2.8692768378679023,0,988.7072753186541
22.718240586322672,39.92185629614868,52.262325779076164,4.350674552268778,1,216.0081277421988
42.47675687758827,27.554875258281065,89.25897382416346,17.795035554080755,1,1280.2787210684994
57.55159494285418,29.884625433001094,32.406551484748945,13.093310846776518,0,1397.7972825978927
50.188175514805266,16.676911934710688,82.02188976734692,6.075182390163622,1,1110.9176475195825
71.38939047129934,33.749011759979446,64.7205245143436,16.410965309888034,0,929.1902440205572
59.5216178971367,20.247639827389644,56.31692515137543,17.296714929087003,0,1071.057328856041
29.77606562488578,37.45135723601784,73.51545962490819,17.00702960446042,1,444.18598821408204
24.234124844025793,20.12849101205018,59.200136485482176,18.41906740597131,0,459.9241846222136
58.54515669237894,19.767193016591662,82.40539428489964,5.418699893380551,0,1176.2253628886117
21.59067863249731,15.913741696202372,84.04211184067552,15.223317610552426,1,346.0020783650771
55.1465348764078,26.80167362774998,55.30325561240733,9.48052019684573,1,2149.705553922564
76.41381448549745,29.121028331565412,46.60966783410309,16.9189717813562,0,782.8606317839932
54.52845067255274,16.642715985708808,65.54101971560173,14.705568204651458,0,1004.8481788300143
43.29019557239131,34.38819041737526,84.74180073700145,15.64072520674463,1,881.6534823339807
58.59729310654119,26.332220868700688,42.63973134033999,13.295155834780894,0,1593.4787773509725
47.495173429491,28.1097567331895,67.37799501380897,3.959861004659284,0,1170.5888246378834
52.7370073589561,26.019068673455706,67.89361320555123,11.128024918490297,0,1547.3466560815195
76.48788852659152,25.01907652188315,73.98678134491686,19.70105992072791,0,888.3063046601801
43.16615826804646,28.991008282705447,37.894061107635586,18.779067296693817,0,828.6959448012843
77.67143382943485,18.88100614826781,72.94949788092532,1.3418878480417276,0,631.9860376103246
74.32103851736383,19.548203262381776,84.54195123993847,3.7138889067240237,0,798.3522535314977
31.747468087357788,36.54464052533793,40.78098653221452,3.0687110823639574,1,463.4091784559424
24.161678052509927,38.65288655334082,44.25259949543266,14.656608244713262,1,296.5069235631381
26.0466800826456,24.332732906993826,88.28370564249838,16.44681393221043,1,713.8577212272395
21.093309539092985,21.768616828588844,40.85861716256939,4.663471643058102,1,544.4825399294947
25.6665776453557,31.099988580975396,81.26310560217475,10.364127512560666,1,514.1739500886692
60.98040640498141,25.21835427745241,59.53667138688209,16.8937090462184,0,1510.9372126383469
24.27131890761374,15.634658891508622,44.833864464190626,14.789630122941887,0,317.56991516686116
39.138537817625675,18.90381493415476,82.24499407635068,11.073625507091041,0,456.6271849781715
70.69251865816727,32.89930572118494,56.71831530015993,12.011779963946072,0,1105.309364043188
21.39631614414955,31.473098547753786,60.88904123578141,10.41303066486746,1,635.7973450931615
68.86810895533614,15.677399812587087,51.55400216398594,6.302194800717001,0,661.2287600453913
36.911286486403995,20.549304048323737,65.57705108609565,11.517928860750814,0,487.08657817729795
27.089889657299373,20.776869914701784,39.81143235510137,13.93326338997677,1,504.79967946285774
61.804229921849036,31.79731858996821,53.46489219910564,17.52979685928575,0,1548.2400825189027
57.73657080679304,15.492763443859104,88.16473934011725,12.907681402595337,0,830.0591775743001
72.64832081162318,17.602714549614348,45.48800596206765,15.34186997234158,1,1032.7295354750688
64.10426262823314,34.997902134329735,69.40419987247753,3.6213968816141735,0,1208.369435080412
68.20885582309091,19.463616551358342,49.511403853481696,9.500370751185903,0,1063.815828706996
36.922074354278394,31.31865269629687,76.40838754119605,0.6819665866283193,0,559.9320021364933
30.646372626783368,20.954569526168164,37.85241964310099,5.310237858171649,0,471.2017055234723
65.0368850984515,17.48603481898363,88.18926270471269,14.666003444703595,0,982.5191971759309
68.41008435603584,21.07930477498635,57.22737248301836,19.840294051312586,1,1457.5064345774065
79.4303085200404,33.05667329639148,44.16302780078784,2.43397294195071,1,730.5756850457384
44.757060614685585,36.39241170265714,34.409804839800756,8.32913915929512,1,930.6573172096008
42.32108514756699,35.75549661417479,40.18547430525244,16.10138388963361,1,624.947725731521
66.58477764451982,24.92958824046137,61.186436913361064,4.478694875263527,1,1591.0600065690169
40.448212415181075,31.702128414266156,50.22019058587718,11.324156511394582,1,783.0187213014697
75.84543953621389,20.124607385395525,79.73300195295657,14.794890272578659,0,828.7313248335801
71.5047651105807,22.328693256525334,55.85325141970836,12.511716280073491,1,1492.6534358751383
45.7396416425011,37.40839546302799,44.92285635525779,4.166482325000615,1,789.7512449707394
65.05226406748984,15.325048087768401,67.0286991962418,7.429999089371918,0,678.9962641730235
65.27257244508094,17.1377132713617,72.40663301312675,15.783939797465246,0,1080.4648933469512
26.187432130155955,20.197156378650682,40.02251447405699,11.307417025574324,1,463.79347628127437
74.15317440077399,15.663305096845493,40.05715297729906,0.6019774640867983,0,466.4426169158413
50.315142346871426,19.535885877244933,32.20028561601258,15.33931982054783,1,1256.8438981006157
69.5874479664645,29.576039024242306,74.18412090393844,1.1885714213346619,0,1130.7100099761185
39.20297606183671,25.53561376481245,69.8282716573083,15.041808763259027,1,707.182607403642
73.73139370977202,37.31679277692437,58.477852544988835,4.44837092322213,0,748.6512547844055
43.35210072404979,35.436089043461024,80.65022693815183,19.182432862327914,0,684.4391958177943
20.6502590888179,23.5454337924469,78.34020917700319,7.674844650390647,1,717.6625997350552
74.32291858515582,21.485585835782313,65.12126186380513,6.875166518592542,1,1087.6258602906437
25.477200607168015,24.49231020418167,82.09627683079552,3.4033169814826714,1,679.1438473757287
39.15881825542489,29.757373562870193,42.350472602206096,6.45928220205919,1,635.7203739453511
77.0037180230483,21.701591020571907,36.71517716386367,17.59468985564991,1,935.3048585545024
77.03642881625336,30.603722696228353,46.18497669101937,19.928519583731322,0,916.1582265168886
54.40627328739717,25.23529130478101,33.42521136535889,7.682035844883543,1,1895.0233978119763
57.91023273018796,28.801179521299506,61.87017168006192,9.24790730361358,1,1771.234701822931
46.90673131869919,25.903163228382915,86.19634153769769,14.580383294953373,0,1252.1957108554104
37.592646301883875,22.361643988547943,32.36061244011058,17.780817719068953,0,493.6597899911155
39.71987272219496,38.71133267405392,37.32659484060161,12.064364516642291,1,370.6586114443726
60.35110736462231,34.09014485399402,57.13194169700611,8.134751114467672,0,1437.7122251409355
65.1424717662608,18.502829394161314,86.0325010516743,8.546125896548164,0,1014.0665559393785
67.4947426235509,36.711699397447816,48.96936629860503,14.064553856687734,1,1035.1874245628233
67.37708856767324,27.18577995623784,60.43408852130355,0.5627561402834342,0,1256.7094134052913
25.472366182921423,37.363805672352285,32.494371543023526,12.581992080466893,0,286.67972852158306
49.66521828215489,34.996381398682885,38.90059205772533,7.432113703606469,1,1263.2590013469962
23.453525600998656,25.630337611730837,89.19780737753081,15.986847959903143,1,821.5355827317409
52.97173293942413,15.561732708002936,87.90712178616273,2.3133174765510773,0,726.5809334105247
46.49183008240262,21.71693398462365,30.296398856064577,11.969944205493615,0,913.7528644056065
73.26225096549798,28.540855366521672,87.10870712539435,9.878971352779413,1,1586.547944192339
41.05490075312472,30.836955495653683,68.34719626893002,13.025347755151934,0,634.0194537208948
27.02402098565635,21.447192135830058,82.07509767120132,1.7646450924178827,0,608.0022777836845
28.57950092317015,18.483901851820605,57.28439133803155,11.80968385484856,0,324.2023483676986
65.69063790304833,35.873255919982476,60.93576171475502,11.448949465210713,1,1346.3160966712499
57.09308379897566,39.61005451758881,59.33079481541521,11.432871841115333,0,674.7397897538469
26.067360567367416,28.142254557567146,70.01185545276627,12.26800949863087,0,556.7733977750765
25.046408366899847,19.291982146207587,38.379075285378775,13.691124775914064,1,504.88195965063136
62.0581478875472,21.807683162984226,31.798415392360678,16.197285493775013,0,1254.9494166735558
24.36578038185161,15.459766913686668,48.47579649547146,5.76150404250018,0,244.88859405923563
69.31160355742136,37.857470164012476,72.2808457641988,16.58846349851121,1,1086.4890006126534
62.374533629389774,17.94377707225353,42.1112071273769,10.215985804137345,1,1009.3904075215222
24.880926838513986,29.41291188785634,70.40594599949503,2.0026364431194574,1,816.0530922359787
25.090262845111514,21.85138051718015,88.19472276643623,1.6417431202575945,1,576.3976051505258
79.19837471007052,28.854450062894834,35.6340429473651,7.017647214573185,0,635.7475326009293
42.45624774536722,31.285509708796607,70.35612709350758,15.805491053673617,0,763.4132029845115
42.23852882401346,35.74354509268004,56.62501315827427,14.299778227447858,1,777.9944124293579
68.76797403545015,20.16053179401508,82.08853526265032,15.877991811111926,1,1281.6631373258542
76.83491464303152,15.274895716462012,40.628987366843155,10.586746600611383,0,405.55249125496215
79.16006382937226,18.422140751720182,71.55755713356987,9.083880460132066,1,791.0960952910162
65.2026911155365,37.50046604620263,80.28691737888661,3.375324270772537,0,756.3347384106072
42.57557513185495,36.847251939062886,86.6768531684414,6.899758695381575,1,727.3797405938267
25.010043001920124,29.935327554257707,70.99488169737876,8.963377640390569,0,505.3427653876271
66.6288149556462,30.012921510841334,59.83048584050564,2.227708378752536,1,1898.8399171768526
53.504254984148304,31.625916863656386,67.07083441207283,4.801933077868619,1,1763.6334451264631
45.453320554818575,19.38428196558624,82.1342990687231,12.165393234242908,0,804.225028018023
74.38126310568416,37.860298648123994,64.23658479832977,14.845430727664201,1,780.5384648387144
26.67184893836908,25.469263122301825,31.82322358181021,19.96777647216252,0,600.9042718900403
49.55750625745155,24.578463206237437,85.85692173041866,18.695709961199373,0,1323.5452030037852
20.681218686045145,27.97294263207094,71.37160506189366,13.030021390936234,0,599.0289254764806
48.11963851964758,16.174149169376378,70.59080314663478,8.714337039234405,0,583.3403456922708
23.378196540910242,19.157084218901986,42.94050914386303,12.905458611810538,0,359.3992829124816
27.129074976084315,33.45084041065926,69.53312821395943,15.820206552564525,1,631.1947004450267
27.05157480662629,17.069966698128162,53.63186433924951,2.8075557230060526,1,485.8383115236094
58.95261812696381,30.078802736659703,69.07397862248953,8.49314534907762,0,1586.3309736192898
64.7626927559254,21.133727742033024,36.39558181847944,16.876144569894535,1,1549.415604854935
55.00212590582958,24.732390351049414,69.47071827618217,7.9847425626943584,0,1504.6863095990104
77.73035290847253,22.217343419267497,89.96482354623998,11.651509288930137,1,905.603428296279
42.49223477142225,23.89181791162373,32.892722331633365,11.961502536812866,1,1049.0032434117827
37.14272517691164,32.97614762960614,88.63045105327905,4.097286936105967,1,701.901809860712
72.11594769136761,22.428042890579377,54.41447764337224,7.5635911122196235,1,1364.2040693760978
33.41575031116716,29.16011600742243,82.24520702023554,7.022970130467677,0,536.6898887427127
77.79335236643668,26.90126005497749,76.94312904349641,1.0108358163752635,0,874.1027763140764
20.72926848138898,31.591779134066204,64.02097565920008,0.9717393958814273,1,625.7495280348878
78.19272960245834,38.420743483118954,74.30695255507959,16.718092351677583,1,499.26572360944334
22.589594717034565,33.31430243025626,82.71093367808086,5.824880794469842,0,584.1934397572013
73.46858682188426,20.37350946476892,54.24841929906198,10.602535941656901,1,1169.6838221700655
51.66206654517799,15.779578376532116,49.62198969379432,6.325148684981075,0,655.3736397144181
79.57788776715802,21.556601107495627,70.05560313381508,18.84324527974914,0,560.0346729564019
24.427793884123933,29.87694826750637,78.47075651647552,5.5562867978825885,0,591.4995114509036
53.231257064079244,16.28564533710626,75.73710808659695,8.878307848409234,1,1035.1435768532897
78.15815213714595,27.40915618003091,77.86881893151806,17.518239884449734,0,767.3469949733562
51.38587065020893,29.92107122292223,56.13499888877598,16.91770455244027,1,1950.355312561783
57.763918288115754,23.356097270424023,79.0700529705013,4.128977648002408,0,1748.0666406268404
61.74492133907703,34.272805093645545,37.212543322236506,16.151544541016353,1,1419.1426847988348
47.27246388606639,17.664956328344296,62.669345877650976,9.434644291388906,1,816.5248162420504
57.6534848050438,16.87844454339522,30.345519629887296,9.917893005664427,1,1220.0248992432892
55.058858715386016,33.20471890509008,49.47514979401622,3.102859462110904,0,1160.2582636988527
74.06948062945935,27.38728290515496,51.98769209228387,2.071729518263931,0,1165.1796934702134
22.726782820487472,32.2100599106934,53.770361496555324,14.69481648598842,1,500.20691164552704
36.85779137553382,25.870683465093656,71.72803240139173,10.180992470928345,1,787.2681192690476
77.02468904459352,21.16005083097767,53.31348607622074,9.018588700996002,1,855.6924357669251
73.41582703345497,35.477557941855,56.921617357351835,14.725410458721736,0,867.1366924214731
47.33940516714277,34.985396974224486,44.252647852459646,15.42750153032664,0,855.8751052528291
57.207955868092206,32.367411771360665,52.39510749776041,3.5987092695523946,0,1216.6769831171712
36.64287097886796,21.803628430749068,43.63617763578909,12.399390414814006,0,451.73853135123017
31.28726958342568,29.755766671727176,34.39175542610662,3.139404604414868,1,693.1597169674275
47.82190429639893,24.02434742350067,66.20691560288267,15.15181417756639,1,1554.7786587204396
41.20113368156317,17.289551833165852,70.09276791330097,13.31062554720922,0,495.11607216795386
55.01936671105233,37.93283938655607,67.16942076057687,19.15398511112743,0,955.857930980535
24.66407821789909,18.420465772974033,57.80964262803434,1.844681318950213,1,419.6310941584929
78.46368845996999,38.75593384552006,52.78714681075379,1.6125670624494592,0,390.8018043920886
79.17264466877617,26.150144323948894,81.80001897430952,6.002647956517403,0,740.4081919447827
